[{"model": "admin.logentry", "pk": 1, "fields": {"action_time": "2023-10-11T05:41:45.685Z", "user": 1, "content_type": 6, "object_id": "1", "object_repr": "anthonypiegaro2@gmail.com", "action_flag": 2, "change_message": "[{\"changed\": {\"fields\": [\"First name\", \"Last name\"]}}]"}}, {"model": "admin.logentry", "pk": 2, "fields": {"action_time": "2023-10-11T05:44:25.222Z", "user": 1, "content_type": 6, "object_id": "1", "object_repr": "anthonypiegaro2@gmail.com", "action_flag": 2, "change_message": "[]"}}, {"model": "admin.logentry", "pk": 3, "fields": {"action_time": "2023-10-11T18:20:03.957Z", "user": 1, "content_type": 8, "object_id": "1", "object_repr": "Pull-Ups assessment", "action_flag": 1, "change_message": "[{\"added\": {}}]"}}, {"model": "admin.logentry", "pk": 4, "fields": {"action_time": "2023-10-11T18:20:53.045Z", "user": 1, "content_type": 8, "object_id": "2", "object_repr": "Push-Ups assessment", "action_flag": 1, "change_message": "[{\"added\": {}}]"}}, {"model": "admin.logentry", "pk": 5, "fields": {"action_time": "2023-10-11T18:24:42.754Z", "user": 1, "content_type": 8, "object_id": "3", "object_repr": "Lateral Jump Right assessment", "action_flag": 1, "change_message": "[{\"added\": {}}]"}}, {"model": "admin.logentry", "pk": 6, "fields": {"action_time": "2023-10-11T18:24:58.461Z", "user": 1, "content_type": 8, "object_id": "4", "object_repr": "Lateral Jump Left assessment", "action_flag": 1, "change_message": "[{\"added\": {}}]"}}, {"model": "admin.logentry", "pk": 7, "fields": {"action_time": "2023-10-11T18:25:31.281Z", "user": 1, "content_type": 14, "object_id": "1", "object_repr": "Quantitative details for Pull-Ups", "action_flag": 1, "change_message": "[{\"added\": {}}]"}}, {"model": "admin.logentry", "pk": 8, "fields": {"action_time": "2023-10-11T18:26:11.816Z", "user": 1, "content_type": 14, "object_id": "1", "object_repr": "Quantitative details for Pull-Ups", "action_flag": 2, "change_message": "[{\"changed\": {\"fields\": [\"Passing score\"]}}]"}}, {"model": "admin.logentry", "pk": 9, "fields": {"action_time": "2023-10-11T18:38:04.318Z", "user": 1, "content_type": 8, "object_id": "5", "object_repr": "Broad Jump assessment", "action_flag": 1, "change_message": "[{\"added\": {}}]"}}, {"model": "admin.logentry", "pk": 10, "fields": {"action_time": "2023-10-11T18:39:07.487Z", "user": 1, "content_type": 8, "object_id": "6", "object_repr": "Vertical Jump assessment", "action_flag": 1, "change_message": "[{\"added\": {}}]"}}, {"model": "admin.logentry", "pk": 11, "fields": {"action_time": "2023-10-11T18:39:52.339Z", "user": 1, "content_type": 8, "object_id": "7", "object_repr": "Medball Toss assessment", "action_flag": 1, "change_message": "[{\"added\": {}}]"}}, {"model": "admin.logentry", "pk": 12, "fields": {"action_time": "2023-10-11T18:40:55.291Z", "user": 1, "content_type": 8, "object_id": "8", "object_repr": "Pro Agility assessment", "action_flag": 1, "change_message": "[{\"added\": {}}]"}}, {"model": "admin.logentry", "pk": 13, "fields": {"action_time": "2023-10-11T18:41:36.171Z", "user": 1, "content_type": 8, "object_id": "9", "object_repr": "10 Yard Acceleration assessment", "action_flag": 1, "change_message": "[{\"added\": {}}]"}}, {"model": "admin.logentry", "pk": 14, "fields": {"action_time": "2023-10-11T18:42:07.600Z", "user": 1, "content_type": 8, "object_id": "10", "object_repr": "Plate Pinch Hold Right assessment", "action_flag": 1, "change_message": "[{\"added\": {}}]"}}, {"model": "admin.logentry", "pk": 15, "fields": {"action_time": "2023-10-11T18:42:20.820Z", "user": 1, "content_type": 8, "object_id": "11", "object_repr": "Plate Pinch Hold Left assessment", "action_flag": 1, "change_message": "[{\"added\": {}}]"}}, {"model": "admin.logentry", "pk": 16, "fields": {"action_time": "2023-10-11T18:43:27.386Z", "user": 1, "content_type": 8, "object_id": "12", "object_repr": "W Hold assessment", "action_flag": 1, "change_message": "[{\"added\": {}}]"}}, {"model": "admin.logentry", "pk": 17, "fields": {"action_time": "2023-10-11T18:44:15.633Z", "user": 1, "content_type": 14, "object_id": "2", "object_repr": "Quantitative details for Push-Ups", "action_flag": 1, "change_message": "[{\"added\": {}}]"}}, {"model": "admin.logentry", "pk": 18, "fields": {"action_time": "2023-10-11T18:44:23.381Z", "user": 1, "content_type": 14, "object_id": "1", "object_repr": "Quantitative details for Pull-Ups", "action_flag": 2, "change_message": "[{\"changed\": {\"fields\": [\"Passing score\"]}}]"}}, {"model": "admin.logentry", "pk": 19, "fields": {"action_time": "2023-10-11T18:44:58.950Z", "user": 1, "content_type": 14, "object_id": "3", "object_repr": "Quantitative details for Lateral Jump Right", "action_flag": 1, "change_message": "[{\"added\": {}}]"}}, {"model": "admin.logentry", "pk": 20, "fields": {"action_time": "2023-10-11T18:45:05.570Z", "user": 1, "content_type": 14, "object_id": "4", "object_repr": "Quantitative details for Lateral Jump Left", "action_flag": 1, "change_message": "[{\"added\": {}}]"}}, {"model": "admin.logentry", "pk": 21, "fields": {"action_time": "2023-10-11T18:45:14.910Z", "user": 1, "content_type": 14, "object_id": "5", "object_repr": "Quantitative details for Broad Jump", "action_flag": 1, "change_message": "[{\"added\": {}}]"}}, {"model": "admin.logentry", "pk": 22, "fields": {"action_time": "2023-10-11T18:45:26.130Z", "user": 1, "content_type": 14, "object_id": "6", "object_repr": "Quantitative details for Vertical Jump", "action_flag": 1, "change_message": "[{\"added\": {}}]"}}, {"model": "admin.logentry", "pk": 23, "fields": {"action_time": "2023-10-11T18:45:36.846Z", "user": 1, "content_type": 14, "object_id": "7", "object_repr": "Quantitative details for Pro Agility", "action_flag": 1, "change_message": "[{\"added\": {}}]"}}, {"model": "admin.logentry", "pk": 24, "fields": {"action_time": "2023-10-11T18:45:44.146Z", "user": 1, "content_type": 14, "object_id": "8", "object_repr": "Quantitative details for 10 Yard Acceleration", "action_flag": 1, "change_message": "[{\"added\": {}}]"}}, {"model": "admin.logentry", "pk": 25, "fields": {"action_time": "2023-10-11T18:45:52.480Z", "user": 1, "content_type": 14, "object_id": "9", "object_repr": "Quantitative details for Plate Pinch Hold Right", "action_flag": 1, "change_message": "[{\"added\": {}}]"}}, {"model": "admin.logentry", "pk": 26, "fields": {"action_time": "2023-10-11T18:46:04.420Z", "user": 1, "content_type": 14, "object_id": "10", "object_repr": "Quantitative details for Plate Pinch Hold Left", "action_flag": 1, "change_message": "[{\"added\": {}}]"}}, {"model": "admin.logentry", "pk": 27, "fields": {"action_time": "2023-10-11T18:47:13.678Z", "user": 1, "content_type": 14, "object_id": "11", "object_repr": "Quantitative details for W Hold", "action_flag": 1, "change_message": "[{\"added\": {}}]"}}, {"model": "admin.logentry", "pk": 28, "fields": {"action_time": "2023-10-11T18:48:33.101Z", "user": 1, "content_type": 11, "object_id": "1", "object_repr": "Push-Ups is recommended drill", "action_flag": 1, "change_message": "[{\"added\": {}}]"}}, {"model": "admin.logentry", "pk": 29, "fields": {"action_time": "2023-10-11T18:49:32.118Z", "user": 1, "content_type": 10, "object_id": "1", "object_repr": "Physical report template", "action_flag": 1, "change_message": "[{\"added\": {}}]"}}, {"model": "admin.logentry", "pk": 30, "fields": {"action_time": "2023-10-11T18:49:38.558Z", "user": 1, "content_type": 10, "object_id": "1", "object_repr": "Physical report template", "action_flag": 2, "change_message": "[]"}}, {"model": "admin.logentry", "pk": 31, "fields": {"action_time": "2023-10-11T18:54:32.263Z", "user": 1, "content_type": 8, "object_id": "13", "object_repr": "Shoulder Horizontal Adduction Right assessment", "action_flag": 1, "change_message": "[{\"added\": {}}]"}}, {"model": "admin.logentry", "pk": 32, "fields": {"action_time": "2023-10-11T18:54:49.214Z", "user": 1, "content_type": 8, "object_id": "14", "object_repr": "Shoulder Horizontal Adduction Left assessment", "action_flag": 1, "change_message": "[{\"added\": {}}]"}}, {"model": "admin.logentry", "pk": 33, "fields": {"action_time": "2023-10-11T18:56:02.126Z", "user": 1, "content_type": 8, "object_id": "15", "object_repr": "Shoulder External Rotation Right assessment", "action_flag": 1, "change_message": "[{\"added\": {}}]"}}, {"model": "admin.logentry", "pk": 34, "fields": {"action_time": "2023-10-11T18:56:16.878Z", "user": 1, "content_type": 8, "object_id": "16", "object_repr": "Shoulder External Rotation Left assessment", "action_flag": 1, "change_message": "[{\"added\": {}}]"}}, {"model": "admin.logentry", "pk": 35, "fields": {"action_time": "2023-10-11T18:57:05.014Z", "user": 1, "content_type": 8, "object_id": "17", "object_repr": "Shoulder Internal Rotation Right assessment", "action_flag": 1, "change_message": "[{\"added\": {}}]"}}, {"model": "admin.logentry", "pk": 36, "fields": {"action_time": "2023-10-11T18:57:23.187Z", "user": 1, "content_type": 8, "object_id": "18", "object_repr": "Shoulder Internal Rotation Left assessment", "action_flag": 1, "change_message": "[{\"added\": {}}]"}}, {"model": "admin.logentry", "pk": 37, "fields": {"action_time": "2023-10-11T18:58:00.431Z", "user": 1, "content_type": 8, "object_id": "19", "object_repr": "T-Spine Rotation Right assessment", "action_flag": 1, "change_message": "[{\"added\": {}}]"}}, {"model": "admin.logentry", "pk": 38, "fields": {"action_time": "2023-10-11T18:58:11.690Z", "user": 1, "content_type": 8, "object_id": "20", "object_repr": "T-Spine Rotation Left assessment", "action_flag": 1, "change_message": "[{\"added\": {}}]"}}, {"model": "admin.logentry", "pk": 39, "fields": {"action_time": "2023-10-11T18:58:40.207Z", "user": 1, "content_type": 8, "object_id": "21", "object_repr": "Hip External Rotation Right assessment", "action_flag": 1, "change_message": "[{\"added\": {}}]"}}, {"model": "admin.logentry", "pk": 40, "fields": {"action_time": "2023-10-11T18:58:54.970Z", "user": 1, "content_type": 8, "object_id": "22", "object_repr": "Hip External Rotation Left assessment", "action_flag": 1, "change_message": "[{\"added\": {}}]"}}, {"model": "admin.logentry", "pk": 41, "fields": {"action_time": "2023-10-11T18:59:30.390Z", "user": 1, "content_type": 8, "object_id": "23", "object_repr": "Hip Internal Rotation Right assessment", "action_flag": 1, "change_message": "[{\"added\": {}}]"}}, {"model": "admin.logentry", "pk": 42, "fields": {"action_time": "2023-10-11T18:59:41.260Z", "user": 1, "content_type": 8, "object_id": "24", "object_repr": "Hip Internal Rotation Left assessment", "action_flag": 1, "change_message": "[{\"added\": {}}]"}}, {"model": "admin.logentry", "pk": 43, "fields": {"action_time": "2023-10-11T19:00:13.407Z", "user": 1, "content_type": 8, "object_id": "25", "object_repr": "Ankle Dorsiflexion Right assessment", "action_flag": 1, "change_message": "[{\"added\": {}}]"}}, {"model": "admin.logentry", "pk": 44, "fields": {"action_time": "2023-10-11T19:00:23.506Z", "user": 1, "content_type": 8, "object_id": "26", "object_repr": "Ankle Dorsiflexion Left assessment", "action_flag": 1, "change_message": "[{\"added\": {}}]"}}, {"model": "admin.logentry", "pk": 45, "fields": {"action_time": "2023-10-11T19:00:49.359Z", "user": 1, "content_type": 8, "object_id": "27", "object_repr": "Overhead Squat assessment", "action_flag": 1, "change_message": "[{\"added\": {}}]"}}, {"model": "admin.logentry", "pk": 46, "fields": {"action_time": "2023-10-11T19:01:38.029Z", "user": 1, "content_type": 8, "object_id": "28", "object_repr": "Hurdle Right assessment", "action_flag": 1, "change_message": "[{\"added\": {}}]"}}, {"model": "admin.logentry", "pk": 47, "fields": {"action_time": "2023-10-11T19:01:52.041Z", "user": 1, "content_type": 8, "object_id": "29", "object_repr": "Hurdle Left assessment", "action_flag": 1, "change_message": "[{\"added\": {}}]"}}, {"model": "admin.logentry", "pk": 48, "fields": {"action_time": "2023-10-11T19:02:20.370Z", "user": 1, "content_type": 8, "object_id": "30", "object_repr": "ASLR Right assessment", "action_flag": 1, "change_message": "[{\"added\": {}}]"}}, {"model": "admin.logentry", "pk": 49, "fields": {"action_time": "2023-10-11T19:02:28.872Z", "user": 1, "content_type": 8, "object_id": "31", "object_repr": "ASLR Left assessment", "action_flag": 1, "change_message": "[{\"added\": {}}]"}}, {"model": "admin.logentry", "pk": 50, "fields": {"action_time": "2023-10-11T19:12:39.274Z", "user": 1, "content_type": 14, "object_id": "12", "object_repr": "Quantitative details for Shoulder External Rotation Right", "action_flag": 1, "change_message": "[{\"added\": {}}]"}}, {"model": "admin.logentry", "pk": 51, "fields": {"action_time": "2023-10-11T19:12:48.642Z", "user": 1, "content_type": 14, "object_id": "13", "object_repr": "Quantitative details for Shoulder External Rotation Left", "action_flag": 1, "change_message": "[{\"added\": {}}]"}}, {"model": "admin.logentry", "pk": 52, "fields": {"action_time": "2023-10-11T19:13:07.619Z", "user": 1, "content_type": 14, "object_id": "14", "object_repr": "Quantitative details for Shoulder Internal Rotation Right", "action_flag": 1, "change_message": "[{\"added\": {}}]"}}, {"model": "admin.logentry", "pk": 53, "fields": {"action_time": "2023-10-11T19:13:21.354Z", "user": 1, "content_type": 14, "object_id": "15", "object_repr": "Quantitative details for Shoulder Internal Rotation Left", "action_flag": 1, "change_message": "[{\"added\": {}}]"}}, {"model": "admin.logentry", "pk": 54, "fields": {"action_time": "2023-10-11T19:13:35.886Z", "user": 1, "content_type": 14, "object_id": "16", "object_repr": "Quantitative details for T-Spine Rotation Right", "action_flag": 1, "change_message": "[{\"added\": {}}]"}}, {"model": "admin.logentry", "pk": 55, "fields": {"action_time": "2023-10-11T19:13:42.930Z", "user": 1, "content_type": 14, "object_id": "17", "object_repr": "Quantitative details for T-Spine Rotation Left", "action_flag": 1, "change_message": "[{\"added\": {}}]"}}, {"model": "admin.logentry", "pk": 56, "fields": {"action_time": "2023-10-11T19:13:57.156Z", "user": 1, "content_type": 14, "object_id": "18", "object_repr": "Quantitative details for Hip External Rotation Right", "action_flag": 1, "change_message": "[{\"added\": {}}]"}}, {"model": "admin.logentry", "pk": 57, "fields": {"action_time": "2023-10-11T19:14:09.206Z", "user": 1, "content_type": 14, "object_id": "19", "object_repr": "Quantitative details for Hip External Rotation Left", "action_flag": 1, "change_message": "[{\"added\": {}}]"}}, {"model": "admin.logentry", "pk": 58, "fields": {"action_time": "2023-10-11T19:14:23.931Z", "user": 1, "content_type": 14, "object_id": "20", "object_repr": "Quantitative details for Hip Internal Rotation Right", "action_flag": 1, "change_message": "[{\"added\": {}}]"}}, {"model": "admin.logentry", "pk": 59, "fields": {"action_time": "2023-10-11T19:14:37.276Z", "user": 1, "content_type": 14, "object_id": "21", "object_repr": "Quantitative details for Hip Internal Rotation Left", "action_flag": 1, "change_message": "[{\"added\": {}}]"}}, {"model": "admin.logentry", "pk": 60, "fields": {"action_time": "2023-10-11T19:15:08.408Z", "user": 1, "content_type": 14, "object_id": "22", "object_repr": "Quantitative details for Ankle Dorsiflexion Right", "action_flag": 1, "change_message": "[{\"added\": {}}]"}}, {"model": "admin.logentry", "pk": 61, "fields": {"action_time": "2023-10-11T19:15:16.526Z", "user": 1, "content_type": 14, "object_id": "23", "object_repr": "Quantitative details for Ankle Dorsiflexion Left", "action_flag": 1, "change_message": "[{\"added\": {}}]"}}, {"model": "admin.logentry", "pk": 62, "fields": {"action_time": "2023-10-11T19:32:06.264Z", "user": 1, "content_type": 12, "object_id": "1", "object_repr": "across is a choice option for the Shoulder Horizontal Adduction Right assessment", "action_flag": 1, "change_message": "[{\"added\": {}}]"}}, {"model": "admin.logentry", "pk": 63, "fields": {"action_time": "2023-10-11T19:32:32.736Z", "user": 1, "content_type": 12, "object_id": "2", "object_repr": "short is a choice option for the Shoulder Horizontal Adduction Right assessment", "action_flag": 1, "change_message": "[{\"added\": {}}]"}}, {"model": "admin.logentry", "pk": 64, "fields": {"action_time": "2023-10-11T19:33:44.677Z", "user": 1, "content_type": 12, "object_id": "2", "object_repr": "short is a choice option for the Shoulder Horizontal Adduction Right assessment", "action_flag": 2, "change_message": "[]"}}, {"model": "admin.logentry", "pk": 65, "fields": {"action_time": "2023-10-11T19:37:00.737Z", "user": 1, "content_type": 12, "object_id": "3", "object_repr": "across is a choice option for the Shoulder Horizontal Adduction Left assessment", "action_flag": 1, "change_message": "[{\"added\": {}}]"}}, {"model": "admin.logentry", "pk": 66, "fields": {"action_time": "2023-10-11T19:37:26.561Z", "user": 1, "content_type": 12, "object_id": "4", "object_repr": "short is a choice option for the Shoulder Horizontal Adduction Left assessment", "action_flag": 1, "change_message": "[{\"added\": {}}]"}}, {"model": "admin.logentry", "pk": 67, "fields": {"action_time": "2023-10-11T19:37:54.016Z", "user": 1, "content_type": 12, "object_id": "5", "object_repr": "3 is a choice option for the Overhead Squat assessment", "action_flag": 1, "change_message": "[{\"added\": {}}]"}}, {"model": "admin.logentry", "pk": 68, "fields": {"action_time": "2023-10-11T19:38:08.417Z", "user": 1, "content_type": 12, "object_id": "6", "object_repr": "2 is a choice option for the Overhead Squat assessment", "action_flag": 1, "change_message": "[{\"added\": {}}]"}}, {"model": "admin.logentry", "pk": 69, "fields": {"action_time": "2023-10-11T19:38:25.378Z", "user": 1, "content_type": 12, "object_id": "7", "object_repr": "1 is a choice option for the Overhead Squat assessment", "action_flag": 1, "change_message": "[{\"added\": {}}]"}}, {"model": "admin.logentry", "pk": 70, "fields": {"action_time": "2023-10-11T19:38:48.202Z", "user": 1, "content_type": 12, "object_id": "8", "object_repr": "3 is a choice option for the ASLR Right assessment", "action_flag": 1, "change_message": "[{\"added\": {}}]"}}, {"model": "admin.logentry", "pk": 71, "fields": {"action_time": "2023-10-11T19:39:01.197Z", "user": 1, "content_type": 12, "object_id": "9", "object_repr": "3 is a choice option for the ASLR Left assessment", "action_flag": 1, "change_message": "[{\"added\": {}}]"}}, {"model": "admin.logentry", "pk": 72, "fields": {"action_time": "2023-10-11T19:39:40.039Z", "user": 1, "content_type": 12, "object_id": "10", "object_repr": "2 is a choice option for the ASLR Right assessment", "action_flag": 1, "change_message": "[{\"added\": {}}]"}}, {"model": "admin.logentry", "pk": 73, "fields": {"action_time": "2023-10-11T19:39:53.830Z", "user": 1, "content_type": 12, "object_id": "11", "object_repr": "2 is a choice option for the ASLR Left assessment", "action_flag": 1, "change_message": "[{\"added\": {}}]"}}, {"model": "admin.logentry", "pk": 74, "fields": {"action_time": "2023-10-11T19:40:09.991Z", "user": 1, "content_type": 12, "object_id": "12", "object_repr": "1 is a choice option for the ASLR Right assessment", "action_flag": 1, "change_message": "[{\"added\": {}}]"}}, {"model": "admin.logentry", "pk": 75, "fields": {"action_time": "2023-10-11T19:40:26.583Z", "user": 1, "content_type": 12, "object_id": "13", "object_repr": "1 is a choice option for the ASLR Left assessment", "action_flag": 1, "change_message": "[{\"added\": {}}]"}}, {"model": "admin.logentry", "pk": 76, "fields": {"action_time": "2023-10-11T19:40:31.895Z", "user": 1, "content_type": 12, "object_id": "14", "object_repr": "3 is a choice option for the Hurdle Right assessment", "action_flag": 1, "change_message": "[{\"added\": {}}]"}}, {"model": "admin.logentry", "pk": 77, "fields": {"action_time": "2023-10-11T19:40:36.135Z", "user": 1, "content_type": 12, "object_id": "15", "object_repr": "3 is a choice option for the Hurdle Left assessment", "action_flag": 1, "change_message": "[{\"added\": {}}]"}}, {"model": "admin.logentry", "pk": 78, "fields": {"action_time": "2023-10-11T19:40:40.189Z", "user": 1, "content_type": 12, "object_id": "16", "object_repr": "2 is a choice option for the Hurdle Right assessment", "action_flag": 1, "change_message": "[{\"added\": {}}]"}}, {"model": "admin.logentry", "pk": 79, "fields": {"action_time": "2023-10-11T19:40:44.627Z", "user": 1, "content_type": 12, "object_id": "17", "object_repr": "2 is a choice option for the Hurdle Left assessment", "action_flag": 1, "change_message": "[{\"added\": {}}]"}}, {"model": "admin.logentry", "pk": 80, "fields": {"action_time": "2023-10-11T19:40:50.453Z", "user": 1, "content_type": 12, "object_id": "18", "object_repr": "1 is a choice option for the Hurdle Right assessment", "action_flag": 1, "change_message": "[{\"added\": {}}]"}}, {"model": "admin.logentry", "pk": 81, "fields": {"action_time": "2023-10-11T19:40:56.118Z", "user": 1, "content_type": 12, "object_id": "19", "object_repr": "1 is a choice option for the Hurdle Left assessment", "action_flag": 1, "change_message": "[{\"added\": {}}]"}}, {"model": "admin.logentry", "pk": 82, "fields": {"action_time": "2023-10-11T19:41:57.047Z", "user": 1, "content_type": 10, "object_id": "2", "object_repr": "Mobility report template", "action_flag": 1, "change_message": "[{\"added\": {}}]"}}, {"model": "admin.logentry", "pk": 83, "fields": {"action_time": "2023-10-11T19:43:51.414Z", "user": 1, "content_type": 10, "object_id": "2", "object_repr": "Mobility report template", "action_flag": 2, "change_message": "[]"}}, {"model": "admin.logentry", "pk": 84, "fields": {"action_time": "2023-10-11T21:46:51.206Z", "user": 1, "content_type": 10, "object_id": "3", "object_repr": "ExampleOne report template", "action_flag": 1, "change_message": "[{\"added\": {}}]"}}, {"model": "admin.logentry", "pk": 85, "fields": {"action_time": "2023-10-15T16:23:03.498Z", "user": 1, "content_type": 9, "object_id": "1", "object_repr": "Qualitative assessment details for Shoulder Horizontal Adduction Right", "action_flag": 1, "change_message": "[{\"added\": {}}]"}}, {"model": "admin.logentry", "pk": 86, "fields": {"action_time": "2023-10-15T16:23:11.597Z", "user": 1, "content_type": 9, "object_id": "2", "object_repr": "Qualitative assessment details for Shoulder Horizontal Adduction Left", "action_flag": 1, "change_message": "[{\"added\": {}}]"}}, {"model": "admin.logentry", "pk": 87, "fields": {"action_time": "2023-10-15T16:23:23.525Z", "user": 1, "content_type": 9, "object_id": "3", "object_repr": "Qualitative assessment details for Overhead Squat", "action_flag": 1, "change_message": "[{\"added\": {}}]"}}, {"model": "admin.logentry", "pk": 88, "fields": {"action_time": "2023-10-15T16:23:37.556Z", "user": 1, "content_type": 9, "object_id": "4", "object_repr": "Qualitative assessment details for Hurdle Right", "action_flag": 1, "change_message": "[{\"added\": {}}]"}}, {"model": "admin.logentry", "pk": 89, "fields": {"action_time": "2023-10-15T16:23:50.053Z", "user": 1, "content_type": 9, "object_id": "5", "object_repr": "Qualitative assessment details for Hurdle Left", "action_flag": 1, "change_message": "[{\"added\": {}}]"}}, {"model": "admin.logentry", "pk": 90, "fields": {"action_time": "2023-10-15T16:23:58.379Z", "user": 1, "content_type": 9, "object_id": "6", "object_repr": "Qualitative assessment details for ASLR Right", "action_flag": 1, "change_message": "[{\"added\": {}}]"}}, {"model": "admin.logentry", "pk": 91, "fields": {"action_time": "2023-10-15T16:24:04.995Z", "user": 1, "content_type": 9, "object_id": "7", "object_repr": "Qualitative assessment details for ASLR Left", "action_flag": 1, "change_message": "[{\"added\": {}}]"}}, {"model": "admin.logentry", "pk": 92, "fields": {"action_time": "2023-10-15T16:24:15.694Z", "user": 1, "content_type": 9, "object_id": "4", "object_repr": "Qualitative assessment details for Hurdle Right", "action_flag": 2, "change_message": "[]"}}, {"model": "admin.logentry", "pk": 93, "fields": {"action_time": "2023-10-15T20:22:09.123Z", "user": 1, "content_type": 13, "object_id": "9", "object_repr": "Report for Anthony Piegaro made from ExampleOne", "action_flag": 3, "change_message": ""}}, {"model": "admin.logentry", "pk": 94, "fields": {"action_time": "2023-10-15T20:22:09.128Z", "user": 1, "content_type": 13, "object_id": "8", "object_repr": "Report for Anthony Piegaro made from ExampleOne", "action_flag": 3, "change_message": ""}}, {"model": "admin.logentry", "pk": 95, "fields": {"action_time": "2023-10-15T20:22:09.129Z", "user": 1, "content_type": 13, "object_id": "7", "object_repr": "Report for Anthony Piegaro made from ExampleOne", "action_flag": 3, "change_message": ""}}, {"model": "admin.logentry", "pk": 96, "fields": {"action_time": "2023-10-15T20:22:09.131Z", "user": 1, "content_type": 13, "object_id": "6", "object_repr": "Report for Anthony Piegaro made from ExampleOne", "action_flag": 3, "change_message": ""}}, {"model": "admin.logentry", "pk": 97, "fields": {"action_time": "2023-10-15T20:22:09.132Z", "user": 1, "content_type": 13, "object_id": "5", "object_repr": "Report for Anthony Piegaro made from ExampleOne", "action_flag": 3, "change_message": ""}}, {"model": "admin.logentry", "pk": 98, "fields": {"action_time": "2023-10-15T20:22:09.133Z", "user": 1, "content_type": 13, "object_id": "4", "object_repr": "Report for Anthony Piegaro made from ExampleOne", "action_flag": 3, "change_message": ""}}, {"model": "admin.logentry", "pk": 99, "fields": {"action_time": "2023-10-15T20:22:09.135Z", "user": 1, "content_type": 13, "object_id": "3", "object_repr": "Report for Anthony Piegaro made from ExampleOne", "action_flag": 3, "change_message": ""}}, {"model": "admin.logentry", "pk": 100, "fields": {"action_time": "2023-10-15T20:22:09.137Z", "user": 1, "content_type": 13, "object_id": "2", "object_repr": "Report for Anthony Piegaro made from ExampleOne", "action_flag": 3, "change_message": ""}}, {"model": "admin.logentry", "pk": 101, "fields": {"action_time": "2023-10-18T03:36:12.772Z", "user": 1, "content_type": 14, "object_id": "24", "object_repr": "Quantitative details for Medball Toss", "action_flag": 1, "change_message": "[{\"added\": {}}]"}}, {"model": "admin.logentry", "pk": 102, "fields": {"action_time": "2023-10-18T06:38:35.626Z", "user": 1, "content_type": 13, "object_id": "19", "object_repr": "Report for Anthony Piegaro made from ExampleOne", "action_flag": 3, "change_message": ""}}, {"model": "admin.logentry", "pk": 103, "fields": {"action_time": "2023-10-18T06:38:35.630Z", "user": 1, "content_type": 13, "object_id": "18", "object_repr": "Report for Anthony Piegaro made from ExampleOne", "action_flag": 3, "change_message": ""}}, {"model": "admin.logentry", "pk": 104, "fields": {"action_time": "2023-10-18T06:38:35.631Z", "user": 1, "content_type": 13, "object_id": "17", "object_repr": "Report for Anthony Piegaro made from Physical", "action_flag": 3, "change_message": ""}}, {"model": "admin.logentry", "pk": 105, "fields": {"action_time": "2023-10-18T06:38:35.634Z", "user": 1, "content_type": 13, "object_id": "16", "object_repr": "Report for Anthony Piegaro made from ExampleOne", "action_flag": 3, "change_message": ""}}, {"model": "admin.logentry", "pk": 106, "fields": {"action_time": "2023-10-18T06:38:35.645Z", "user": 1, "content_type": 13, "object_id": "15", "object_repr": "Report for Anthony Piegaro made from ExampleOne", "action_flag": 3, "change_message": ""}}, {"model": "admin.logentry", "pk": 107, "fields": {"action_time": "2023-10-18T06:38:35.646Z", "user": 1, "content_type": 13, "object_id": "14", "object_repr": "Report for Anthony Piegaro made from ExampleOne", "action_flag": 3, "change_message": ""}}, {"model": "admin.logentry", "pk": 108, "fields": {"action_time": "2023-10-18T06:38:35.649Z", "user": 1, "content_type": 13, "object_id": "13", "object_repr": "Report for Anthony Piegaro made from ExampleOne", "action_flag": 3, "change_message": ""}}, {"model": "admin.logentry", "pk": 109, "fields": {"action_time": "2023-10-18T06:38:35.652Z", "user": 1, "content_type": 13, "object_id": "12", "object_repr": "Report for Anthony Piegaro made from ExampleOne", "action_flag": 3, "change_message": ""}}, {"model": "admin.logentry", "pk": 110, "fields": {"action_time": "2023-10-18T06:38:35.653Z", "user": 1, "content_type": 13, "object_id": "11", "object_repr": "Report for Anthony Piegaro made from ExampleOne", "action_flag": 3, "change_message": ""}}, {"model": "admin.logentry", "pk": 111, "fields": {"action_time": "2023-10-18T06:38:35.659Z", "user": 1, "content_type": 13, "object_id": "10", "object_repr": "Report for Anthony Piegaro made from ExampleOne", "action_flag": 3, "change_message": ""}}, {"model": "admin.logentry", "pk": 112, "fields": {"action_time": "2023-10-18T06:38:35.661Z", "user": 1, "content_type": 13, "object_id": "1", "object_repr": "Report for Anthony Piegaro made from Mobility", "action_flag": 3, "change_message": ""}}, {"model": "admin.logentry", "pk": 113, "fields": {"action_time": "2023-10-18T22:46:14.014Z", "user": 1, "content_type": 6, "object_id": "2", "object_repr": "benpurcelloa@gmail.com", "action_flag": 1, "change_message": "[{\"added\": {}}]"}}, {"model": "admin.logentry", "pk": 114, "fields": {"action_time": "2023-10-22T05:53:49.614Z", "user": 1, "content_type": 13, "object_id": "25", "object_repr": "Report for Anthony Piegaro made from ExampleOne", "action_flag": 3, "change_message": ""}}, {"model": "admin.logentry", "pk": 115, "fields": {"action_time": "2023-10-22T05:54:37.091Z", "user": 1, "content_type": 13, "object_id": "26", "object_repr": "Report for Ben Purcell made from ExampleOne", "action_flag": 3, "change_message": ""}}, {"model": "admin.logentry", "pk": 116, "fields": {"action_time": "2023-10-22T07:05:18.692Z", "user": 1, "content_type": 6, "object_id": "3", "object_repr": "anthonypiegaro2@yahoo.com", "action_flag": 1, "change_message": "[{\"added\": {}}]"}}, {"model": "admin.logentry", "pk": 117, "fields": {"action_time": "2023-10-22T07:05:27.499Z", "user": 1, "content_type": 6, "object_id": "3", "object_repr": "anthonypiegaro2@yahoo.com", "action_flag": 2, "change_message": "[]"}}, {"model": "auth.permission", "pk": 1, "fields": {"name": "Can add log entry", "content_type": 1, "codename": "add_logentry"}}, {"model": "auth.permission", "pk": 2, "fields": {"name": "Can change log entry", "content_type": 1, "codename": "change_logentry"}}, {"model": "auth.permission", "pk": 3, "fields": {"name": "Can delete log entry", "content_type": 1, "codename": "delete_logentry"}}, {"model": "auth.permission", "pk": 4, "fields": {"name": "Can view log entry", "content_type": 1, "codename": "view_logentry"}}, {"model": "auth.permission", "pk": 5, "fields": {"name": "Can add permission", "content_type": 2, "codename": "add_permission"}}, {"model": "auth.permission", "pk": 6, "fields": {"name": "Can change permission", "content_type": 2, "codename": "change_permission"}}, {"model": "auth.permission", "pk": 7, "fields": {"name": "Can delete permission", "content_type": 2, "codename": "delete_permission"}}, {"model": "auth.permission", "pk": 8, "fields": {"name": "Can view permission", "content_type": 2, "codename": "view_permission"}}, {"model": "auth.permission", "pk": 9, "fields": {"name": "Can add group", "content_type": 3, "codename": "add_group"}}, {"model": "auth.permission", "pk": 10, "fields": {"name": "Can change group", "content_type": 3, "codename": "change_group"}}, {"model": "auth.permission", "pk": 11, "fields": {"name": "Can delete group", "content_type": 3, "codename": "delete_group"}}, {"model": "auth.permission", "pk": 12, "fields": {"name": "Can view group", "content_type": 3, "codename": "view_group"}}, {"model": "auth.permission", "pk": 13, "fields": {"name": "Can add content type", "content_type": 4, "codename": "add_contenttype"}}, {"model": "auth.permission", "pk": 14, "fields": {"name": "Can change content type", "content_type": 4, "codename": "change_contenttype"}}, {"model": "auth.permission", "pk": 15, "fields": {"name": "Can delete content type", "content_type": 4, "codename": "delete_contenttype"}}, {"model": "auth.permission", "pk": 16, "fields": {"name": "Can view content type", "content_type": 4, "codename": "view_contenttype"}}, {"model": "auth.permission", "pk": 17, "fields": {"name": "Can add session", "content_type": 5, "codename": "add_session"}}, {"model": "auth.permission", "pk": 18, "fields": {"name": "Can change session", "content_type": 5, "codename": "change_session"}}, {"model": "auth.permission", "pk": 19, "fields": {"name": "Can delete session", "content_type": 5, "codename": "delete_session"}}, {"model": "auth.permission", "pk": 20, "fields": {"name": "Can view session", "content_type": 5, "codename": "view_session"}}, {"model": "auth.permission", "pk": 21, "fields": {"name": "Can add custom user", "content_type": 6, "codename": "add_customuser"}}, {"model": "auth.permission", "pk": 22, "fields": {"name": "Can change custom user", "content_type": 6, "codename": "change_customuser"}}, {"model": "auth.permission", "pk": 23, "fields": {"name": "Can delete custom user", "content_type": 6, "codename": "delete_customuser"}}, {"model": "auth.permission", "pk": 24, "fields": {"name": "Can view custom user", "content_type": 6, "codename": "view_customuser"}}, {"model": "auth.permission", "pk": 25, "fields": {"name": "Can add qualitative assessment score", "content_type": 7, "codename": "add_qualitativeassessmentscore"}}, {"model": "auth.permission", "pk": 26, "fields": {"name": "Can change qualitative assessment score", "content_type": 7, "codename": "change_qualitativeassessmentscore"}}, {"model": "auth.permission", "pk": 27, "fields": {"name": "Can delete qualitative assessment score", "content_type": 7, "codename": "delete_qualitativeassessmentscore"}}, {"model": "auth.permission", "pk": 28, "fields": {"name": "Can view qualitative assessment score", "content_type": 7, "codename": "view_qualitativeassessmentscore"}}, {"model": "auth.permission", "pk": 29, "fields": {"name": "Can add assessment", "content_type": 8, "codename": "add_assessment"}}, {"model": "auth.permission", "pk": 30, "fields": {"name": "Can change assessment", "content_type": 8, "codename": "change_assessment"}}, {"model": "auth.permission", "pk": 31, "fields": {"name": "Can delete assessment", "content_type": 8, "codename": "delete_assessment"}}, {"model": "auth.permission", "pk": 32, "fields": {"name": "Can view assessment", "content_type": 8, "codename": "view_assessment"}}, {"model": "auth.permission", "pk": 33, "fields": {"name": "Can add qualitative assessment", "content_type": 9, "codename": "add_qualitativeassessment"}}, {"model": "auth.permission", "pk": 34, "fields": {"name": "Can change qualitative assessment", "content_type": 9, "codename": "change_qualitativeassessment"}}, {"model": "auth.permission", "pk": 35, "fields": {"name": "Can delete qualitative assessment", "content_type": 9, "codename": "delete_qualitativeassessment"}}, {"model": "auth.permission", "pk": 36, "fields": {"name": "Can view qualitative assessment", "content_type": 9, "codename": "view_qualitativeassessment"}}, {"model": "auth.permission", "pk": 37, "fields": {"name": "Can add report template", "content_type": 10, "codename": "add_reporttemplate"}}, {"model": "auth.permission", "pk": 38, "fields": {"name": "Can change report template", "content_type": 10, "codename": "change_reporttemplate"}}, {"model": "auth.permission", "pk": 39, "fields": {"name": "Can delete report template", "content_type": 10, "codename": "delete_reporttemplate"}}, {"model": "auth.permission", "pk": 40, "fields": {"name": "Can view report template", "content_type": 10, "codename": "view_reporttemplate"}}, {"model": "auth.permission", "pk": 41, "fields": {"name": "Can add drill", "content_type": 11, "codename": "add_drill"}}, {"model": "auth.permission", "pk": 42, "fields": {"name": "Can change drill", "content_type": 11, "codename": "change_drill"}}, {"model": "auth.permission", "pk": 43, "fields": {"name": "Can delete drill", "content_type": 11, "codename": "delete_drill"}}, {"model": "auth.permission", "pk": 44, "fields": {"name": "Can view drill", "content_type": 11, "codename": "view_drill"}}, {"model": "auth.permission", "pk": 45, "fields": {"name": "Can add qualitative assessment choices", "content_type": 12, "codename": "add_qualitativeassessmentchoices"}}, {"model": "auth.permission", "pk": 46, "fields": {"name": "Can change qualitative assessment choices", "content_type": 12, "codename": "change_qualitativeassessmentchoices"}}, {"model": "auth.permission", "pk": 47, "fields": {"name": "Can delete qualitative assessment choices", "content_type": 12, "codename": "delete_qualitativeassessmentchoices"}}, {"model": "auth.permission", "pk": 48, "fields": {"name": "Can view qualitative assessment choices", "content_type": 12, "codename": "view_qualitativeassessmentchoices"}}, {"model": "auth.permission", "pk": 49, "fields": {"name": "Can add report", "content_type": 13, "codename": "add_report"}}, {"model": "auth.permission", "pk": 50, "fields": {"name": "Can change report", "content_type": 13, "codename": "change_report"}}, {"model": "auth.permission", "pk": 51, "fields": {"name": "Can delete report", "content_type": 13, "codename": "delete_report"}}, {"model": "auth.permission", "pk": 52, "fields": {"name": "Can view report", "content_type": 13, "codename": "view_report"}}, {"model": "auth.permission", "pk": 53, "fields": {"name": "Can add quantitative assessment", "content_type": 14, "codename": "add_quantitativeassessment"}}, {"model": "auth.permission", "pk": 54, "fields": {"name": "Can change quantitative assessment", "content_type": 14, "codename": "change_quantitativeassessment"}}, {"model": "auth.permission", "pk": 55, "fields": {"name": "Can delete quantitative assessment", "content_type": 14, "codename": "delete_quantitativeassessment"}}, {"model": "auth.permission", "pk": 56, "fields": {"name": "Can view quantitative assessment", "content_type": 14, "codename": "view_quantitativeassessment"}}, {"model": "auth.permission", "pk": 57, "fields": {"name": "Can add quantitative assessment score", "content_type": 15, "codename": "add_quantitativeassessmentscore"}}, {"model": "auth.permission", "pk": 58, "fields": {"name": "Can change quantitative assessment score", "content_type": 15, "codename": "change_quantitativeassessmentscore"}}, {"model": "auth.permission", "pk": 59, "fields": {"name": "Can delete quantitative assessment score", "content_type": 15, "codename": "delete_quantitativeassessmentscore"}}, {"model": "auth.permission", "pk": 60, "fields": {"name": "Can view quantitative assessment score", "content_type": 15, "codename": "view_quantitativeassessmentscore"}}, {"model": "contenttypes.contenttype", "pk": 1, "fields": {"app_label": "admin", "model": "logentry"}}, {"model": "contenttypes.contenttype", "pk": 2, "fields": {"app_label": "auth", "model": "permission"}}, {"model": "contenttypes.contenttype", "pk": 3, "fields": {"app_label": "auth", "model": "group"}}, {"model": "contenttypes.contenttype", "pk": 4, "fields": {"app_label": "contenttypes", "model": "contenttype"}}, {"model": "contenttypes.contenttype", "pk": 5, "fields": {"app_label": "sessions", "model": "session"}}, {"model": "contenttypes.contenttype", "pk": 6, "fields": {"app_label": "users", "model": "customuser"}}, {"model": "contenttypes.contenttype", "pk": 7, "fields": {"app_label": "reports", "model": "qualitativeassessmentscore"}}, {"model": "contenttypes.contenttype", "pk": 8, "fields": {"app_label": "reports", "model": "assessment"}}, {"model": "contenttypes.contenttype", "pk": 9, "fields": {"app_label": "reports", "model": "qualitativeassessment"}}, {"model": "contenttypes.contenttype", "pk": 10, "fields": {"app_label": "reports", "model": "reporttemplate"}}, {"model": "contenttypes.contenttype", "pk": 11, "fields": {"app_label": "reports", "model": "drill"}}, {"model": "contenttypes.contenttype", "pk": 12, "fields": {"app_label": "reports", "model": "qualitativeassessmentchoices"}}, {"model": "contenttypes.contenttype", "pk": 13, "fields": {"app_label": "reports", "model": "report"}}, {"model": "contenttypes.contenttype", "pk": 14, "fields": {"app_label": "reports", "model": "quantitativeassessment"}}, {"model": "contenttypes.contenttype", "pk": 15, "fields": {"app_label": "reports", "model": "quantitativeassessmentscore"}}, {"model": "sessions.session", "pk": "uhc5vzclv75sqyfqr8r4e36euy28zsaq", "fields": {"session_data": ".eJxVjDsOwjAQBe_iGln-rBWHkp4zWOvdDQ4gR4qTKuLuJFIKaN_MvE0lXJeS1iZzGlldlVWX3y0jvaQegJ9YH5OmqS7zmPWh6JM2fZ9Y3rfT_Tso2MpeS7DGCvQhGgjGuIEQHGfwEcl417EH57xHwuB3OjgWGyN0VoSgJ1SfL7s2N04:1qtFGk:wPtArFkmhHihS-SEjc5Oa_IwwucxSwmMI_eV5b4GQ_8", "expire_date": "2023-11-01T22:44:02.136Z"}}, {"model": "sessions.session", "pk": "xhmnx9uaywoqq8eh7q31mfgsste3x8zl", "fields": {"session_data": ".eJxVjDsOwjAQBe_iGln-rBWHkp4zWOvdDQ4gR4qTKuLuJFIKaN_MvE0lXJeS1iZzGlldlVWX3y0jvaQegJ9YH5OmqS7zmPWh6JM2fZ9Y3rfT_Tso2MpeS7DGCvQhGgjGuIEQHGfwEcl417EH57xHwuB3OjgWGyN0VoSgJ1SfL7s2N04:1qqdjG:N9VxGkWuqbU1fxISnDBe8ttc96E7ZVLlLFZ_0mW_ysg", "expire_date": "2023-10-25T18:14:42.951Z"}}, {"model": "sessions.session", "pk": "yyvs574ulw4hsfswj27ws5d127aa9adv", "fields": {"session_data": ".eJxVjDsOwjAQBe_iGln-rBWHkp4zWOvdDQ4gR4qTKuLuJFIKaN_MvE0lXJeS1iZzGlldlVWX3y0jvaQegJ9YH5OmqS7zmPWh6JM2fZ9Y3rfT_Tso2MpeS7DGCvQhGgjGuIEQHGfwEcl417EH57xHwuB3OjgWGyN0VoSgJ1SfL7s2N04:1qqRbU:WJkp8s5GOsiBwex3Lw9b2YK-sJ-cn2CZb7Sha6zA14s", "expire_date": "2023-10-25T05:17:52.321Z"}}, {"model": "users.customuser", "pk": 1, "fields": {"password": "pbkdf2_sha256$600000$vEQdfYYe2m3rfBaO5ZEo63$UIFTmgfmv6xHQXCgFFjbfw+Wtw6zunxw+EL3nBcer6s=", "last_login": "2023-10-18T22:44:02.134Z", "is_superuser": true, "email": "anthonypiegaro2@gmail.com", "first_name": "Anthony", "last_name": "Piegaro", "date_joined": "2023-10-11T05:15:18.268Z", "is_active": true, "is_staff": true, "groups": [], "user_permissions": []}}, {"model": "users.customuser", "pk": 2, "fields": {"password": "pbkdf2_sha256$600000$ilkYJ486stYX86RlXRZmuI$VNFOufvOJu9QBr/aoSm1nS6H2rssZFJyjQ4iQ5JQYrk=", "last_login": null, "is_superuser": false, "email": "benpurcelloa@gmail.com", "first_name": "Ben", "last_name": "Purcell", "date_joined": "2023-10-18T22:46:13.655Z", "is_active": true, "is_staff": true, "groups": [], "user_permissions": []}}, {"model": "users.customuser", "pk": 3, "fields": {"password": "pbkdf2_sha256$600000$4g5nGS5GZbyZZfb2QAPP28$qjdGiXsGnUV5wa1jPLkk9hDzj+/FvMH+UjiYYHaVGr0=", "last_login": null, "is_superuser": false, "email": "anthonypiegaro2@yahoo.com", "first_name": "Test", "last_name": "User", "date_joined": "2023-10-22T07:05:18.210Z", "is_active": true, "is_staff": false, "groups": [], "user_permissions": []}}, {"model": "reports.assessment", "pk": 1, "fields": {"name": "Pull-Ups", "assessment_type": "quantitative", "description": "Pull-ups are a strength-building exercise that primarily targets the muscles of the upper body, including the latissimus dorsi (lats), biceps brachii, and rear deltoids. This exercise is an effective way to test and enhance upper body strength and muscular endurance. By suspending from a horizontal bar and lifting your bodyweight, it challenges your ability to pull yourself up, making it an excellent exercise for developing a strong back and arm muscles.", "unit": "Reps"}}, {"model": "reports.assessment", "pk": 2, "fields": {"name": "Push-Ups", "assessment_type": "quantitative", "description": "Push-ups are a versatile bodyweight exercise that primarily targets the muscles of the chest, shoulders, and triceps. They are an effective way to test and improve upper body strength and muscular endurance. In a push-up, you start in a plank position with your hands shoulder-width apart, lower your body by bending your arms, and then push back up to the starting position. This exercise helps build a strong chest and upper body while also engaging the core for stability. Push-ups can be adapted for different fitness levels, making them a valuable conditioning exercise.", "unit": "Reps"}}, {"model": "reports.assessment", "pk": 3, "fields": {"name": "Lateral Jump Right", "assessment_type": "quantitative", "description": "Lateral jumps are a plyometric exercise that focuses on testing and enhancing lower body strength, agility, and explosiveness. In a lateral jump, you begin by standing with your feet together, then jump horizontally to the side, landing on one foot and immediately jumping back to the other side. This exercise primarily targets the muscles in the legs, including the quadriceps, hamstrings, and calves, while also engaging the hip abductors and adductors for lateral stability. Lateral jumps are an excellent way to improve athletic performance and coordination.", "unit": "Inches"}}, {"model": "reports.assessment", "pk": 4, "fields": {"name": "Lateral Jump Left", "assessment_type": "quantitative", "description": "Lateral jumps are a plyometric exercise that focuses on testing and enhancing lower body strength, agility, and explosiveness. In a lateral jump, you begin by standing with your feet together, then jump horizontally to the side, landing on one foot and immediately jumping back to the other side. This exercise primarily targets the muscles in the legs, including the quadriceps, hamstrings, and calves, while also engaging the hip abductors and adductors for lateral stability. Lateral jumps are an excellent way to improve athletic performance and coordination.", "unit": "Inches"}}, {"model": "reports.assessment", "pk": 5, "fields": {"name": "Broad Jump", "assessment_type": "quantitative", "description": "The broad jump, also known as the long jump, is an explosive exercise that tests and develops lower body power, particularly in the muscles of the legs and hips. In a broad jump, you start from a standing position and explosively push off with your legs to jump as far forward as possible. This exercise primarily targets the quadriceps, hamstrings, glutes, and calves. It challenges your ability to generate maximum force and control your body during a dynamic leap, making it an effective exercise for improving athletic performance, leg strength, and overall lower body conditioning.", "unit": "Inches"}}, {"model": "reports.assessment", "pk": 6, "fields": {"name": "Vertical Jump", "assessment_type": "quantitative", "description": "The vertical jump is a measure of lower body explosiveness and power. It assesses an individual's ability to jump vertically as high as possible from a stationary position. This exercise primarily targets the muscles of the legs, including the quadriceps, hamstrings, glutes, and calf muscles. It also engages the core muscles for stability during takeoff and landing. Vertical jumps are commonly used in sports and fitness assessments to evaluate an individual's athleticism and leg strength. Training to improve your vertical jump can enhance your ability to perform various athletic activities, including basketball, volleyball, and track and field events.", "unit": "Inches"}}, {"model": "reports.assessment", "pk": 7, "fields": {"name": "Medball Toss", "assessment_type": "quantitative", "description": "The medball toss is a dynamic exercise that involves throwing a medicine ball explosively. It is designed to test and develop upper body power, strength, and coordination. In a medball toss, you typically stand with your feet shoulder-width apart, hold a medicine ball, and forcefully throw it either vertically or horizontally, depending on the specific variation. This exercise primarily targets the muscles of the chest, shoulders, triceps, and core as you generate power to propel the ball. Medball tosses are commonly used in sports training and fitness programs to improve athletic performance and overall upper body conditioning.", "unit": "mph"}}, {"model": "reports.assessment", "pk": 8, "fields": {"name": "Pro Agility", "assessment_type": "quantitative", "description": "The Pro-Agility Test, also known as the 5-10-5 Shuttle or the 20-Yard Shuttle, is a common agility test used in sports and fitness assessments. It evaluates an individual's ability to quickly change direction, accelerate, and decelerate.\r\n\r\nIn this test, the participant starts in a three-point stance at the center of a 10-yard (or 9.14 meters) distance. Upon a signal or command, they sprint 5 yards (4.57 meters) to one side, touch the ground with their hand, change direction, and sprint 10 yards (9.14 meters) to the opposite side, touching the ground again. Finally, they sprint back to the center 5-yard point. The test measures the time it takes to complete this back-and-forth shuttle run.\r\n\r\nThe Pro-Agility Test assesses agility, lateral quickness, and acceleration, making it valuable for sports such as football, soccer, basketball, and any other activities that require rapid changes in direction. It is often used to gauge an athlete's agility and speed in short bursts.", "unit": "seconds"}}, {"model": "reports.assessment", "pk": 9, "fields": {"name": "10 Yard Acceleration", "assessment_type": "quantitative", "description": "The 10-yard acceleration test is a sprinting assessment designed to evaluate an individual's ability to rapidly accelerate from a stationary position over a short distance of 10 yards (approximately 9.14 meters).\r\n\r\nParticipants start from a stationary position, often in a three-point stance or a standing start. Upon a signal or command, they explosively sprint for the designated 10-yard distance as quickly as possible. This test measures the time it takes to cover the 10-yard distance from a dead stop.\r\n\r\nThe 10-yard acceleration test is commonly used in sports like football, track and field, and other activities that require quick bursts of speed from a static position. It helps assess an athlete's initial acceleration and explosiveness, which can be critical in various sports and competitions.", "unit": "seconds"}}, {"model": "reports.assessment", "pk": 10, "fields": {"name": "Plate Pinch Hold Right", "assessment_type": "quantitative", "description": "The plate pinch hold is a grip strength exercise that involves holding weight plates (typically of varying thicknesses) using only the fingertips and thumb, pinching them together without any support from the palm or fingers' wrapping motion.\r\n\r\nTo perform a plate pinch hold, you take two weight plates of your choice, grip them between your fingers and thumb, and lift them off the ground. You then attempt to maintain this pinch grip for as long as possible.\r\n\r\nThis exercise primarily targets the muscles of the fingers, thumb, and forearm. It is an effective way to test and improve grip strength, which is essential in activities such as weightlifting, rock climbing, and various sports where maintaining a firm grip is crucial. The plate pinch hold can be adapted by using plates of different weights and thicknesses to progressively challenge grip strength.", "unit": "seconds"}}, {"model": "reports.assessment", "pk": 11, "fields": {"name": "Plate Pinch Hold Left", "assessment_type": "quantitative", "description": "The plate pinch hold is a grip strength exercise that involves holding weight plates (typically of varying thicknesses) using only the fingertips and thumb, pinching them together without any support from the palm or fingers' wrapping motion.\r\n\r\nTo perform a plate pinch hold, you take two weight plates of your choice, grip them between your fingers and thumb, and lift them off the ground. You then attempt to maintain this pinch grip for as long as possible.\r\n\r\nThis exercise primarily targets the muscles of the fingers, thumb, and forearm. It is an effective way to test and improve grip strength, which is essential in activities such as weightlifting, rock climbing, and various sports where maintaining a firm grip is crucial. The plate pinch hold can be adapted by using plates of different weights and thicknesses to progressively challenge grip strength.", "unit": "seconds"}}, {"model": "reports.assessment", "pk": 12, "fields": {"name": "W Hold", "assessment_type": "quantitative", "description": "The W hold for scapulas is a corrective exercise aimed at strengthening and stabilizing the muscles around the shoulder blades, particularly the rhomboids and lower trapezius muscles.\r\n\r\nThe W hold for scapulas is an excellent exercise for correcting poor posture, improving scapular stability, and countering the effects of prolonged sitting and slouching. It can help alleviate shoulder and neck discomfort while promoting better shoulder blade positioning.", "unit": "seconds"}}, {"model": "reports.assessment", "pk": 13, "fields": {"name": "Shoulder Horizontal Adduction Right", "assessment_type": "qualitative", "description": "Shoulder horizontal adduction is a movement that involves bringing your arm or shoulder closer to the centerline of your body horizontally. This action primarily engages the pectoral (chest) muscles and the anterior deltoid (front shoulder) muscles.", "unit": null}}, {"model": "reports.assessment", "pk": 14, "fields": {"name": "Shoulder Horizontal Adduction Left", "assessment_type": "qualitative", "description": "Shoulder horizontal adduction is a movement that involves bringing your arm or shoulder closer to the centerline of your body horizontally. This action primarily engages the pectoral (chest) muscles and the anterior deltoid (front shoulder) muscles.", "unit": null}}, {"model": "reports.assessment", "pk": 15, "fields": {"name": "Shoulder External Rotation Right", "assessment_type": "quantitative", "description": "\"Shoulder External Rotation\" refers to a measurement or evaluation of the range of motion an individual has in their shoulder when externally rotating their arm.", "unit": "degrees"}}, {"model": "reports.assessment", "pk": 16, "fields": {"name": "Shoulder External Rotation Left", "assessment_type": "quantitative", "description": "\"Shoulder External Rotation\" refers to a measurement or evaluation of the range of motion an individual has in their shoulder when externally rotating their arm.", "unit": "degrees"}}, {"model": "reports.assessment", "pk": 17, "fields": {"name": "Shoulder Internal Rotation Right", "assessment_type": "quantitative", "description": "Shoulder internal rotation assessment is a procedure used to evaluate the range of motion an individual has in their shoulder when internally rotating their arm.", "unit": "degrees"}}, {"model": "reports.assessment", "pk": 18, "fields": {"name": "Shoulder Internal Rotation Left", "assessment_type": "quantitative", "description": "Shoulder internal rotation assessment is a procedure used to evaluate the range of motion an individual has in their shoulder when internally rotating their arm.", "unit": "degrees"}}, {"model": "reports.assessment", "pk": 19, "fields": {"name": "T-Spine Rotation Right", "assessment_type": "quantitative", "description": "The T-spine (thoracic spine) rotation assessment is a procedure used to measure the range of motion and flexibility in the thoracic spine, which is the middle portion of the vertebral column. This assessment helps evaluate an individual's ability to rotate their upper body from the thoracic region.", "unit": "degrees"}}, {"model": "reports.assessment", "pk": 20, "fields": {"name": "T-Spine Rotation Left", "assessment_type": "quantitative", "description": "The T-spine (thoracic spine) rotation assessment is a procedure used to measure the range of motion and flexibility in the thoracic spine, which is the middle portion of the vertebral column. This assessment helps evaluate an individual's ability to rotate their upper body from the thoracic region.", "unit": "degrees"}}, {"model": "reports.assessment", "pk": 21, "fields": {"name": "Hip External Rotation Right", "assessment_type": "quantitative", "description": "The hip external rotation assessment is a procedure used to evaluate the range of motion and flexibility of the hip joint when the thigh bone is rotated outward away from the body.", "unit": "degrees"}}, {"model": "reports.assessment", "pk": 22, "fields": {"name": "Hip External Rotation Left", "assessment_type": "quantitative", "description": "The hip external rotation assessment is a procedure used to evaluate the range of motion and flexibility of the hip joint when the thigh bone is rotated outward away from the body.", "unit": "degrees"}}, {"model": "reports.assessment", "pk": 23, "fields": {"name": "Hip Internal Rotation Right", "assessment_type": "quantitative", "description": "The hip internal rotation assessment is a procedure used to measure the range of motion and flexibility of the hip joint when the thigh bone is rotated inward toward the midline of the body.", "unit": "degrees"}}, {"model": "reports.assessment", "pk": 24, "fields": {"name": "Hip Internal Rotation Left", "assessment_type": "quantitative", "description": "The hip internal rotation assessment is a procedure used to measure the range of motion and flexibility of the hip joint when the thigh bone is rotated inward toward the midline of the body.", "unit": "degrees"}}, {"model": "reports.assessment", "pk": 25, "fields": {"name": "Ankle Dorsiflexion Right", "assessment_type": "quantitative", "description": "Ankle dorsiflexion assessment is a procedure used to measure the range of motion and flexibility of the ankle joint when the foot is moved upward toward the shin.", "unit": "degrees"}}, {"model": "reports.assessment", "pk": 26, "fields": {"name": "Ankle Dorsiflexion Left", "assessment_type": "quantitative", "description": "Ankle dorsiflexion assessment is a procedure used to measure the range of motion and flexibility of the ankle joint when the foot is moved upward toward the shin.", "unit": "degrees"}}, {"model": "reports.assessment", "pk": 27, "fields": {"name": "Overhead Squat", "assessment_type": "qualitative", "description": "The overhead squat is a compound exercise that combines a full squat with an overhead press. It is used to assess and improve lower body strength, core stability, and shoulder mobility.", "unit": null}}, {"model": "reports.assessment", "pk": 28, "fields": {"name": "Hurdle Right", "assessment_type": "qualitative", "description": "The hurdle mobility test is a physical assessment used to evaluate an individual's flexibility, mobility, and range of motion, particularly in the hip and lower back areas. It helps identify any restrictions or limitations in these areas that could impact an individual's performance or predispose them to injury, especially in activities requiring hip mobility.", "unit": null}}, {"model": "reports.assessment", "pk": 29, "fields": {"name": "Hurdle Left", "assessment_type": "qualitative", "description": "The hurdle mobility test is a physical assessment used to evaluate an individual's flexibility, mobility, and range of motion, particularly in the hip and lower back areas. It helps identify any restrictions or limitations in these areas that could impact an individual's performance or predispose them to injury, especially in activities requiring hip mobility.", "unit": null}}, {"model": "reports.assessment", "pk": 30, "fields": {"name": "ASLR Right", "assessment_type": "qualitative", "description": "The Active Straight Leg Raise is a functional movement assessment used in physical therapy, fitness, and sports medicine to evaluate an individual's flexibility, mobility, and neuromuscular control, particularly in the lower back and hip areas.", "unit": null}}, {"model": "reports.assessment", "pk": 31, "fields": {"name": "ASLR Left", "assessment_type": "qualitative", "description": "The Active Straight Leg Raise is a functional movement assessment used in physical therapy, fitness, and sports medicine to evaluate an individual's flexibility, mobility, and neuromuscular control, particularly in the lower back and hip areas.", "unit": null}}, {"model": "reports.reporttemplate", "pk": 1, "fields": {"name": "Physical", "assessments": [1, 2, 3, 4, 5, 6, 7, 8, 9, 10, 11, 12]}}, {"model": "reports.reporttemplate", "pk": 2, "fields": {"name": "Mobility", "assessments": [13, 14, 15, 16, 17, 18, 19, 20, 21, 22, 23, 24, 25, 26, 27, 28, 29, 30, 31]}}, {"model": "reports.reporttemplate", "pk": 3, "fields": {"name": "ExampleOne", "assessments": [31]}}, {"model": "reports.report", "pk": 20, "fields": {"user": 1, "template": 1, "creation_date": "2023-10-18", "assessments": [1, 2, 3, 4, 5, 6, 7, 8, 9, 10, 11, 12]}}, {"model": "reports.report", "pk": 21, "fields": {"user": 1, "template": 1, "creation_date": "2023-10-15", "assessments": [1, 2, 3, 4, 5, 6, 7, 8, 9, 10, 11, 12]}}, {"model": "reports.report", "pk": 22, "fields": {"user": 1, "template": 3, "creation_date": "2023-10-18", "assessments": [31]}}, {"model": "reports.report", "pk": 23, "fields": {"user": 1, "template": 2, "creation_date": "2023-10-18", "assessments": [13, 14, 15, 16, 17, 18, 19, 20, 21, 22, 23, 24, 25, 26, 27, 28, 29, 30, 31]}}, {"model": "reports.report", "pk": 24, "fields": {"user": 1, "template": 3, "creation_date": "2023-10-22", "assessments": [31]}}, {"model": "reports.report", "pk": 27, "fields": {"user": 3, "template": 3, "creation_date": "2023-10-22", "assessments": [31]}}, {"model": "reports.report", "pk": 28, "fields": {"user": 3, "template": 3, "creation_date": "2023-10-24", "assessments": [31]}}, {"model": "reports.report", "pk": 29, "fields": {"user": 3, "template": 2, "creation_date": "2023-10-24", "assessments": [13, 14, 15, 16, 17, 18, 19, 20, 21, 22, 23, 24, 25, 26, 27, 28, 29, 30, 31]}}, {"model": "reports.report", "pk": 30, "fields": {"user": 3, "template": 1, "creation_date": "2023-10-24", "assessments": [1, 2, 3, 4, 5, 6, 7, 8, 9, 10, 11, 12]}}, {"model": "reports.report", "pk": 31, "fields": {"user": 3, "template": 3, "creation_date": "2023-10-26", "assessments": [31]}}, {"model": "reports.report", "pk": 32, "fields": {"user": 3, "template": 3, "creation_date": "2023-10-26", "assessments": [31]}}, {"model": "reports.quantitativeassessment", "pk": 1, "fields": {"assessment": 1, "passing_score": "8.00", "passing_condition": "gte"}}, {"model": "reports.quantitativeassessment", "pk": 2, "fields": {"assessment": 2, "passing_score": "30.00", "passing_condition": "gte"}}, {"model": "reports.quantitativeassessment", "pk": 3, "fields": {"assessment": 3, "passing_score": "100.00", "passing_condition": "gte"}}, {"model": "reports.quantitativeassessment", "pk": 4, "fields": {"assessment": 4, "passing_score": "100.00", "passing_condition": "gte"}}, {"model": "reports.quantitativeassessment", "pk": 5, "fields": {"assessment": 5, "passing_score": "100.00", "passing_condition": "gte"}}, {"model": "reports.quantitativeassessment", "pk": 6, "fields": {"assessment": 6, "passing_score": "20.00", "passing_condition": "gte"}}, {"model": "reports.quantitativeassessment", "pk": 7, "fields": {"assessment": 8, "passing_score": "1.80", "passing_condition": "lte"}}, {"model": "reports.quantitativeassessment", "pk": 8, "fields": {"assessment": 9, "passing_score": "1.80", "passing_condition": "lte"}}, {"model": "reports.quantitativeassessment", "pk": 9, "fields": {"assessment": 10, "passing_score": "60.00", "passing_condition": "gte"}}, {"model": "reports.quantitativeassessment", "pk": 10, "fields": {"assessment": 11, "passing_score": "60.00", "passing_condition": "gte"}}, {"model": "reports.quantitativeassessment", "pk": 11, "fields": {"assessment": 12, "passing_score": "30.00", "passing_condition": "gte"}}, {"model": "reports.quantitativeassessment", "pk": 12, "fields": {"assessment": 15, "passing_score": "90.00", "passing_condition": "gte"}}, {"model": "reports.quantitativeassessment", "pk": 13, "fields": {"assessment": 16, "passing_score": "90.00", "passing_condition": "gte"}}, {"model": "reports.quantitativeassessment", "pk": 14, "fields": {"assessment": 17, "passing_score": "90.00", "passing_condition": "gte"}}, {"model": "reports.quantitativeassessment", "pk": 15, "fields": {"assessment": 18, "passing_score": "90.00", "passing_condition": "gte"}}, {"model": "reports.quantitativeassessment", "pk": 16, "fields": {"assessment": 19, "passing_score": "45.00", "passing_condition": "gte"}}, {"model": "reports.quantitativeassessment", "pk": 17, "fields": {"assessment": 20, "passing_score": "45.00", "passing_condition": "gte"}}, {"model": "reports.quantitativeassessment", "pk": 18, "fields": {"assessment": 21, "passing_score": "35.00", "passing_condition": "gte"}}, {"model": "reports.quantitativeassessment", "pk": 19, "fields": {"assessment": 22, "passing_score": "45.00", "passing_condition": "gte"}}, {"model": "reports.quantitativeassessment", "pk": 20, "fields": {"assessment": 23, "passing_score": "35.00", "passing_condition": "gte"}}, {"model": "reports.quantitativeassessment", "pk": 21, "fields": {"assessment": 24, "passing_score": "35.00", "passing_condition": "gte"}}, {"model": "reports.quantitativeassessment", "pk": 22, "fields": {"assessment": 25, "passing_score": "35.00", "passing_condition": "gte"}}, {"model": "reports.quantitativeassessment", "pk": 23, "fields": {"assessment": 26, "passing_score": "35.00", "passing_condition": "gte"}}, {"model": "reports.quantitativeassessment", "pk": 24, "fields": {"assessment": 7, "passing_score": "20.00", "passing_condition": "gte"}}, {"model": "reports.quantitativeassessmentscore", "pk": 25, "fields": {"assessment": 1, "quantitative_assessment": 1, "user": 1, "report": 20, "score": "5.00"}}, {"model": "reports.quantitativeassessmentscore", "pk": 26, "fields": {"assessment": 2, "quantitative_assessment": 2, "user": 1, "report": 20, "score": "30.00"}}, {"model": "reports.quantitativeassessmentscore", "pk": 27, "fields": {"assessment": 3, "quantitative_assessment": 3, "user": 1, "report": 20, "score": "60.00"}}, {"model": "reports.quantitativeassessmentscore", "pk": 28, "fields": {"assessment": 4, "quantitative_assessment": 4, "user": 1, "report": 20, "score": "60.00"}}, {"model": "reports.quantitativeassessmentscore", "pk": 29, "fields": {"assessment": 5, "quantitative_assessment": 5, "user": 1, "report": 20, "score": "72.00"}}, {"model": "reports.quantitativeassessmentscore", "pk": 30, "fields": {"assessment": 6, "quantitative_assessment": 6, "user": 1, "report": 20, "score": "12.00"}}, {"model": "reports.quantitativeassessmentscore", "pk": 31, "fields": {"assessment": 7, "quantitative_assessment": 24, "user": 1, "report": 20, "score": "23.00"}}, {"model": "reports.quantitativeassessmentscore", "pk": 32, "fields": {"assessment": 8, "quantitative_assessment": 7, "user": 1, "report": 20, "score": "2.00"}}, {"model": "reports.quantitativeassessmentscore", "pk": 33, "fields": {"assessment": 9, "quantitative_assessment": 8, "user": 1, "report": 20, "score": "1.50"}}, {"model": "reports.quantitativeassessmentscore", "pk": 34, "fields": {"assessment": 10, "quantitative_assessment": 9, "user": 1, "report": 20, "score": "60.00"}}, {"model": "reports.quantitativeassessmentscore", "pk": 35, "fields": {"assessment": 11, "quantitative_assessment": 10, "user": 1, "report": 20, "score": "60.00"}}, {"model": "reports.quantitativeassessmentscore", "pk": 36, "fields": {"assessment": 12, "quantitative_assessment": 11, "user": 1, "report": 20, "score": "60.00"}}, {"model": "reports.quantitativeassessmentscore", "pk": 37, "fields": {"assessment": 1, "quantitative_assessment": 1, "user": 1, "report": 21, "score": "5.00"}}, {"model": "reports.quantitativeassessmentscore", "pk": 38, "fields": {"assessment": 2, "quantitative_assessment": 2, "user": 1, "report": 21, "score": "30.00"}}, {"model": "reports.quantitativeassessmentscore", "pk": 39, "fields": {"assessment": 3, "quantitative_assessment": 3, "user": 1, "report": 21, "score": "60.00"}}, {"model": "reports.quantitativeassessmentscore", "pk": 40, "fields": {"assessment": 4, "quantitative_assessment": 4, "user": 1, "report": 21, "score": "60.00"}}, {"model": "reports.quantitativeassessmentscore", "pk": 41, "fields": {"assessment": 5, "quantitative_assessment": 5, "user": 1, "report": 21, "score": "72.00"}}, {"model": "reports.quantitativeassessmentscore", "pk": 42, "fields": {"assessment": 6, "quantitative_assessment": 6, "user": 1, "report": 21, "score": "12.00"}}, {"model": "reports.quantitativeassessmentscore", "pk": 43, "fields": {"assessment": 7, "quantitative_assessment": 24, "user": 1, "report": 21, "score": "23.00"}}, {"model": "reports.quantitativeassessmentscore", "pk": 44, "fields": {"assessment": 8, "quantitative_assessment": 7, "user": 1, "report": 21, "score": "2.00"}}, {"model": "reports.quantitativeassessmentscore", "pk": 45, "fields": {"assessment": 9, "quantitative_assessment": 8, "user": 1, "report": 21, "score": "1.50"}}, {"model": "reports.quantitativeassessmentscore", "pk": 46, "fields": {"assessment": 10, "quantitative_assessment": 9, "user": 1, "report": 21, "score": "60.00"}}, {"model": "reports.quantitativeassessmentscore", "pk": 47, "fields": {"assessment": 11, "quantitative_assessment": 10, "user": 1, "report": 21, "score": "60.00"}}, {"model": "reports.quantitativeassessmentscore", "pk": 48, "fields": {"assessment": 12, "quantitative_assessment": 11, "user": 1, "report": 21, "score": "52.00"}}, {"model": "reports.quantitativeassessmentscore", "pk": 49, "fields": {"assessment": 15, "quantitative_assessment": 12, "user": 1, "report": 23, "score": "87.00"}}, {"model": "reports.quantitativeassessmentscore", "pk": 50, "fields": {"assessment": 16, "quantitative_assessment": 13, "user": 1, "report": 23, "score": "90.00"}}, {"model": "reports.quantitativeassessmentscore", "pk": 51, "fields": {"assessment": 17, "quantitative_assessment": 14, "user": 1, "report": 23, "score": "90.00"}}, {"model": "reports.quantitativeassessmentscore", "pk": 52, "fields": {"assessment": 18, "quantitative_assessment": 15, "user": 1, "report": 23, "score": "87.00"}}, {"model": "reports.quantitativeassessmentscore", "pk": 53, "fields": {"assessment": 19, "quantitative_assessment": 16, "user": 1, "report": 23, "score": "56.00"}}, {"model": "reports.quantitativeassessmentscore", "pk": 54, "fields": {"assessment": 20, "quantitative_assessment": 17, "user": 1, "report": 23, "score": "45.00"}}, {"model": "reports.quantitativeassessmentscore", "pk": 55, "fields": {"assessment": 21, "quantitative_assessment": 18, "user": 1, "report": 23, "score": "34.00"}}, {"model": "reports.quantitativeassessmentscore", "pk": 56, "fields": {"assessment": 22, "quantitative_assessment": 19, "user": 1, "report": 23, "score": "35.00"}}, {"model": "reports.quantitativeassessmentscore", "pk": 57, "fields": {"assessment": 23, "quantitative_assessment": 20, "user": 1, "report": 23, "score": "34.00"}}, {"model": "reports.quantitativeassessmentscore", "pk": 58, "fields": {"assessment": 24, "quantitative_assessment": 21, "user": 1, "report": 23, "score": "24.00"}}, {"model": "reports.quantitativeassessmentscore", "pk": 59, "fields": {"assessment": 25, "quantitative_assessment": 22, "user": 1, "report": 23, "score": "25.00"}}, {"model": "reports.quantitativeassessmentscore", "pk": 60, "fields": {"assessment": 26, "quantitative_assessment": 23, "user": 1, "report": 23, "score": "36.00"}}, {"model": "reports.quantitativeassessmentscore", "pk": 61, "fields": {"assessment": 15, "quantitative_assessment": 12, "user": 3, "report": 29, "score": "90.00"}}, {"model": "reports.quantitativeassessmentscore", "pk": 62, "fields": {"assessment": 16, "quantitative_assessment": 13, "user": 3, "report": 29, "score": "90.00"}}, {"model": "reports.quantitativeassessmentscore", "pk": 63, "fields": {"assessment": 17, "quantitative_assessment": 14, "user": 3, "report": 29, "score": "85.00"}}, {"model": "reports.quantitativeassessmentscore", "pk": 64, "fields": {"assessment": 18, "quantitative_assessment": 15, "user": 3, "report": 29, "score": "87.00"}}, {"model": "reports.quantitativeassessmentscore", "pk": 65, "fields": {"assessment": 19, "quantitative_assessment": 16, "user": 3, "report": 29, "score": "45.00"}}, {"model": "reports.quantitativeassessmentscore", "pk": 66, "fields": {"assessment": 20, "quantitative_assessment": 17, "user": 3, "report": 29, "score": "45.00"}}, {"model": "reports.quantitativeassessmentscore", "pk": 67, "fields": {"assessment": 21, "quantitative_assessment": 18, "user": 3, "report": 29, "score": "34.00"}}, {"model": "reports.quantitativeassessmentscore", "pk": 68, "fields": {"assessment": 22, "quantitative_assessment": 19, "user": 3, "report": 29, "score": "43.00"}}, {"model": "reports.quantitativeassessmentscore", "pk": 69, "fields": {"assessment": 23, "quantitative_assessment": 20, "user": 3, "report": 29, "score": "44.00"}}, {"model": "reports.quantitativeassessmentscore", "pk": 70, "fields": {"assessment": 24, "quantitative_assessment": 21, "user": 3, "report": 29, "score": "32.00"}}, {"model": "reports.quantitativeassessmentscore", "pk": 71, "fields": {"assessment": 25, "quantitative_assessment": 22, "user": 3, "report": 29, "score": "23.00"}}, {"model": "reports.quantitativeassessmentscore", "pk": 72, "fields": {"assessment": 26, "quantitative_assessment": 23, "user": 3, "report": 29, "score": "34.00"}}, {"model": "reports.quantitativeassessmentscore", "pk": 73, "fields": {"assessment": 1, "quantitative_assessment": 1, "user": 3, "report": 30, "score": "15.00"}}, {"model": "reports.quantitativeassessmentscore", "pk": 74, "fields": {"assessment": 2, "quantitative_assessment": 2, "user": 3, "report": 30, "score": "22.00"}}, {"model": "reports.quantitativeassessmentscore", "pk": 75, "fields": {"assessment": 3, "quantitative_assessment": 3, "user": 3, "report": 30, "score": "80.00"}}, {"model": "reports.quantitativeassessmentscore", "pk": 76, "fields": {"assessment": 4, "quantitative_assessment": 4, "user": 3, "report": 30, "score": "80.00"}}, {"model": "reports.quantitativeassessmentscore", "pk": 77, "fields": {"assessment": 5, "quantitative_assessment": 5, "user": 3, "report": 30, "score": "90.00"}}, {"model": "reports.quantitativeassessmentscore", "pk": 78, "fields": {"assessment": 6, "quantitative_assessment": 6, "user": 3, "report": 30, "score": "20.00"}}, {"model": "reports.quantitativeassessmentscore", "pk": 79, "fields": {"assessment": 7, "quantitative_assessment": 24, "user": 3, "report": 30, "score": "23.00"}}, {"model": "reports.quantitativeassessmentscore", "pk": 80, "fields": {"assessment": 8, "quantitative_assessment": 7, "user": 3, "report": 30, "score": "1.50"}}, {"model": "reports.quantitativeassessmentscore", "pk": 81, "fields": {"assessment": 9, "quantitative_assessment": 8, "user": 3, "report": 30, "score": "1.80"}}, {"model": "reports.quantitativeassessmentscore", "pk": 82, "fields": {"assessment": 10, "quantitative_assessment": 9, "user": 3, "report": 30, "score": "60.00"}}, {"model": "reports.quantitativeassessmentscore", "pk": 83, "fields": {"assessment": 11, "quantitative_assessment": 10, "user": 3, "report": 30, "score": "35.00"}}, {"model": "reports.quantitativeassessmentscore", "pk": 84, "fields": {"assessment": 12, "quantitative_assessment": 11, "user": 3, "report": 30, "score": "59.00"}}, {"model": "reports.qualitativeassessmentchoices", "pk": 1, "fields": {"assessment": 13, "choice": "across", "description": "The elbow crosses the nose. This indicates a passed test."}}, {"model": "reports.qualitativeassessmentchoices", "pk": 2, "fields": {"assessment": 13, "choice": "short", "description": "The elbow is short of the nose. This indicates a failed test."}}, {"model": "reports.qualitativeassessmentchoices", "pk": 3, "fields": {"assessment": 14, "choice": "across", "description": "The elbow crosses the nose. This indicates a passed test."}}, {"model": "reports.qualitativeassessmentchoices", "pk": 4, "fields": {"assessment": 14, "choice": "short", "description": "This elbow is short of the nose. This indicates a failed test."}}, {"model": "reports.qualitativeassessmentchoices", "pk": 5, "fields": {"assessment": 27, "choice": "3", "description": "passing score, well done"}}, {"model": "reports.qualitativeassessmentchoices", "pk": 6, "fields": {"assessment": 27, "choice": "2", "description": "Good score, but needs improvement."}}, {"model": "reports.qualitativeassessmentchoices", "pk": 7, "fields": {"assessment": 27, "choice": "1", "description": "Failing score, needs more improvement."}}, {"model": "reports.qualitativeassessmentchoices", "pk": 8, "fields": {"assessment": 30, "choice": "3", "description": "Great score, passing mobility."}}, {"model": "reports.qualitativeassessmentchoices", "pk": 9, "fields": {"assessment": 31, "choice": "3", "description": "Great score, passing mobility."}}, {"model": "reports.qualitativeassessmentchoices", "pk": 10, "fields": {"assessment": 30, "choice": "2", "description": "Okay Score, needs impovement."}}, {"model": "reports.qualitativeassessmentchoices", "pk": 11, "fields": {"assessment": 31, "choice": "2", "description": "Okay score, needs improvement."}}, {"model": "reports.qualitativeassessmentchoices", "pk": 12, "fields": {"assessment": 30, "choice": "1", "description": "Failing score, needs imrpovement."}}, {"model": "reports.qualitativeassessmentchoices", "pk": 13, "fields": {"assessment": 31, "choice": "1", "description": "Failing score, needs improvement."}}, {"model": "reports.qualitativeassessmentchoices", "pk": 14, "fields": {"assessment": 28, "choice": "3", "description": ""}}, {"model": "reports.qualitativeassessmentchoices", "pk": 15, "fields": {"assessment": 29, "choice": "3", "description": ""}}, {"model": "reports.qualitativeassessmentchoices", "pk": 16, "fields": {"assessment": 28, "choice": "2", "description": ""}}, {"model": "reports.qualitativeassessmentchoices", "pk": 17, "fields": {"assessment": 29, "choice": "2", "description": ""}}, {"model": "reports.qualitativeassessmentchoices", "pk": 18, "fields": {"assessment": 28, "choice": "1", "description": ""}}, {"model": "reports.qualitativeassessmentchoices", "pk": 19, "fields": {"assessment": 29, "choice": "1", "description": ""}}, {"model": "reports.qualitativeassessment", "pk": 1, "fields": {"assessment": 13, "passing_score": 1}}, {"model": "reports.qualitativeassessment", "pk": 2, "fields": {"assessment": 14, "passing_score": 3}}, {"model": "reports.qualitativeassessment", "pk": 3, "fields": {"assessment": 27, "passing_score": 5}}, {"model": "reports.qualitativeassessment", "pk": 4, "fields": {"assessment": 28, "passing_score": 14}}, {"model": "reports.qualitativeassessment", "pk": 5, "fields": {"assessment": 29, "passing_score": 15}}, {"model": "reports.qualitativeassessment", "pk": 6, "fields": {"assessment": 30, "passing_score": 8}}, {"model": "reports.qualitativeassessment", "pk": 7, "fields": {"assessment": 31, "passing_score": 9}}, {"model": "reports.qualitativeassessmentscore", "pk": 25, "fields": {"assessment": 31, "qualitative_assessment": 7, "user": 1, "report": 22, "score": 9}}, {"model": "reports.qualitativeassessmentscore", "pk": 26, "fields": {"assessment": 13, "qualitative_assessment": 1, "user": 1, "report": 23, "score": 1}}, {"model": "reports.qualitativeassessmentscore", "pk": 27, "fields": {"assessment": 14, "qualitative_assessment": 2, "user": 1, "report": 23, "score": 4}}, {"model": "reports.qualitativeassessmentscore", "pk": 28, "fields": {"assessment": 27, "qualitative_assessment": 3, "user": 1, "report": 23, "score": 5}}, {"model": "reports.qualitativeassessmentscore", "pk": 29, "fields": {"assessment": 28, "qualitative_assessment": 4, "user": 1, "report": 23, "score": 14}}, {"model": "reports.qualitativeassessmentscore", "pk": 30, "fields": {"assessment": 29, "qualitative_assessment": 5, "user": 1, "report": 23, "score": 19}}, {"model": "reports.qualitativeassessmentscore", "pk": 31, "fields": {"assessment": 30, "qualitative_assessment": 6, "user": 1, "report": 23, "score": 10}}, {"model": "reports.qualitativeassessmentscore", "pk": 32, "fields": {"assessment": 31, "qualitative_assessment": 7, "user": 1, "report": 23, "score": 11}}, {"model": "reports.qualitativeassessmentscore", "pk": 33, "fields": {"assessment": 31, "qualitative_assessment": 7, "user": 1, "report": 24, "score": 9}}, {"model": "reports.qualitativeassessmentscore", "pk": 36, "fields": {"assessment": 31, "qualitative_assessment": 7, "user": 3, "report": 27, "score": 9}}, {"model": "reports.qualitativeassessmentscore", "pk": 37, "fields": {"assessment": 31, "qualitative_assessment": 7, "user": 3, "report": 28, "score": 11}}, {"model": "reports.qualitativeassessmentscore", "pk": 38, "fields": {"assessment": 13, "qualitative_assessment": 1, "user": 3, "report": 29, "score": 1}}, {"model": "reports.qualitativeassessmentscore", "pk": 39, "fields": {"assessment": 14, "qualitative_assessment": 2, "user": 3, "report": 29, "score": 3}}, {"model": "reports.qualitativeassessmentscore", "pk": 40, "fields": {"assessment": 27, "qualitative_assessment": 3, "user": 3, "report": 29, "score": 5}}, {"model": "reports.qualitativeassessmentscore", "pk": 41, "fields": {"assessment": 28, "qualitative_assessment": 4, "user": 3, "report": 29, "score": 16}}, {"model": "reports.qualitativeassessmentscore", "pk": 42, "fields": {"assessment": 29, "qualitative_assessment": 5, "user": 3, "report": 29, "score": 17}}, {"model": "reports.qualitativeassessmentscore", "pk": 43, "fields": {"assessment": 30, "qualitative_assessment": 6, "user": 3, "report": 29, "score": 12}}, {"model": "reports.qualitativeassessmentscore", "pk": 44, "fields": {"assessment": 31, "qualitative_assessment": 7, "user": 3, "report": 29, "score": 11}}, {"model": "reports.qualitativeassessmentscore", "pk": 45, "fields": {"assessment": 31, "qualitative_assessment": 7, "user": 3, "report": 31, "score": 9}}, {"model": "reports.qualitativeassessmentscore", "pk": 46, "fields": {"assessment": 31, "qualitative_assessment": 7, "user": 3, "report": 32, "score": 9}}, {"model": "reports.drill", "pk": 1, "fields": {"name": "Push-Ups", "url": "https://www.verywellfit.com/the-push-up-exercise-3120574", "assessments": [2]}}]